{
  "project_info": {
    "project_number": "574241779451",
    "project_id": "my-messages-3d864",
    "storage_bucket": "my-messages-3d864.appspot.com"
  },
  "client": [
    {
      "client_info": {
        "mobilesdk_app_id": "1:574241779451:android:ce986214a6f49d7e600a5e",
        "android_client_info": {
          "package_name": "com.example.mymessages"
        }
      },
      "oauth_client": [
        {
          "client_id": "574241779451-p2grvouo1o01dgln6k7ml231sn8sv5d4.apps.googleusercontent.com",
          "client_type": 3
        }
      ],
      "api_key": [
        {
          "current_key": "AIzaSyDDLOIo2LlsG0QuycUO0Qp38W02cAs94gk"
        }
      ],
      "services": {
        "appinvite_service": {
          "other_platform_oauth_client": [
            {
              "client_id": "574241779451-p2grvouo1o01dgln6k7ml231sn8sv5d4.apps.googleusercontent.com",
              "client_type": 3
            }
          ]
        }
      }
    }
  ],
  "configuration_version": "1"
}